{"cameraMode":{"drawMode":0,"name":"Shaded","section":"Shading Mode"},"sceneLighting":true,"audioPlay":false,"sceneViewState":{"m_AlwaysRefresh":false,"showFog":true,"showSkybox":true,"showFlares":true,"showImageEffects":true,"showParticleSystems":true,"showVisualEffectGraphs":true,"m_FxEnabled":true},"in2DMode":false,"pivot":{"x":83.75515747070313,"y":0.4205169677734375,"z":238.48001098632813},"rotation":{"x":-0.22599409520626069,"y":0.053154002875089648,"z":-0.012350959703326226,"w":-0.9725990295410156},"size":78.14266967773438,"orthographic":false}