{"cameraMode":{"drawMode":0,"name":"Shaded","section":"Shading Mode"},"sceneLighting":true,"audioPlay":false,"sceneViewState":{"m_AlwaysRefresh":false,"showFog":true,"showSkybox":true,"showFlares":true,"showImageEffects":true,"showParticleSystems":true,"showVisualEffectGraphs":true,"m_FxEnabled":true},"in2DMode":false,"pivot":{"x":-132.4696044921875,"y":-465.2172546386719,"z":1448.1427001953125},"rotation":{"x":-0.17171336710453034,"y":0.053465571254491809,"z":-0.009252434596419335,"w":-0.9837172627449036},"size":721.6912231445313,"orthographic":false}