{"cameraMode":{"drawMode":0,"name":"Shaded","section":"Shading Mode"},"sceneLighting":true,"audioPlay":false,"sceneViewState":{"m_AlwaysRefresh":false,"showFog":true,"showSkybox":true,"showFlares":true,"showImageEffects":true,"showParticleSystems":true,"showVisualEffectGraphs":true,"m_FxEnabled":true},"in2DMode":false,"pivot":{"x":387.50701904296877,"y":-178.5536346435547,"z":2309.22509765625},"rotation":{"x":-0.045155465602874759,"y":-0.08055557310581207,"z":0.003595586633309722,"w":-0.9958101511001587},"size":1090.1605224609375,"orthographic":false}